{"weekend": [{"pickup_weekend_dummy": "True", "mean_fare": 12.267475425434398, "Q25": 6.5, "median": 9.5, "Q75": 14.0, "num_rides": 49169382}, {"pickup_weekend_dummy": "False", "mean_fare": 12.383558349116164, "Q25": 6.5, "median": 9.5, "Q75": 14.0, "num_rides": 124015709}], "tip": [{"tip_amount_dummy": "True", "mean_fare": 12.766442211469855, "Q25": 7.0, "median": 9.5, "Q75": 14.5, "num_rides": 83788961}, {"tip_amount_dummy": "False", "mean_fare": 11.960842437046285, "Q25": 6.5, "median": 9.0, "Q75": 13.5, "num_rides": 89396130}], "rushhour": [{"weekdayrush_dummy": "True", "mean_fare": 12.99590882153522, "Q25": 6.5, "median": 9.5, "Q75": 14.5, "num_rides": 22901264}, {"weekdayrush_dummy": "False", "mean_fare": 12.252264610851324, "Q25": 6.5, "median": 9.5, "Q75": 14.0, "num_rides": 150283827}]}